textDisplay|classification_textblob
['preguntar', 'nunca', 'jugar', 'breath', 'of', 'the', 'wild', 'deber', 'jugar', 'primero', 'botw', 'totk', 'tampoco', 'necesario', 'gracias', 'hrefaboutinvalidzcsafeza']|neutral
['mejor', 'juego', 'historio', 'red', 'dead', 'redemption', '2', 'parecer', 'decir', 'punto', 'visto', 'crítico', 'zelda', 'juego', 'favorito', 'infancia']|neutral
['jugar', 'opinion', 'analisis', 'juego', 'estar', 'super', 'inflado', 'juego', 'igualito', 'breath', 'of', 'the', 'wild', 'solo', 'historia', 'juegos', 'nintendo', 'parecer', 'estir', 'sobrevaloradisir']|neutral
['nah', 'nuevo', 'mejor', 'juego', 'historia', 'baldurs', 'gatar', '3']|neutral
['deber', 'ser', 'único', 'persona', 'mundo', 'aburrir', 'botw', 'pinta', 'igual', 'divertir', 'awakening']|neutral
['serio', 'mejor', 'juego', 'historio', 'acabo', 'comprar', 'si', 'gustar', 'solo', 'jugado', 'medio', 'hora', 'primero', 'juego', 'compro', 'switch', 'nuevo', 'xbox', 'nintendo', 'solo', '7', 'año', 'nes', 'después', 'sn']|neutral
['buen', 'juego', 'jodir', 'mejor', 'historia', 'alucinar', 'faltar él', 'respeto', 'demas', 'juego', 'marcado', 'historia']|neutral
['1010', 'good']|positivo
['cada', 'minuto', 'juego', 'obra', 'arte']|neutral
['tirar', 'hate', 'hacer', 'fan', 'saga', 'ver', 'gusta', 'error', 'zelda', 'comete', 'par', 'alto', 'solo', 'ser', 'zelda', 'juego', 'cometer', 'mismo', 'error', 'si', 'sacar', 'relucir', 'parecer', 'objetivo', 'crítico', 'ojo', 'querer', 'decir', 'zelda', 'juegazo', 'si', 'obvio', 'criticar', 'fanatismo', 'hacer', 'fallo', 'pasarar', 'alto']|negativo
['acabar', 'adquirir', 'swotch', 'poder', 'jugar', 'juego', 'primero', 'breath', 'of', 'the', 'wild']|neutral
['considerar', 'comparado', 'todo', 'demá', 'entrega', 'botw', 'historio', 'profundidad', 'personaje', 'mediocre', 'solo', 'razón', 'merecer', '10', 'resto', 'aspecto', 'perfecto']|neutral
['breath', 'of', 'the', 'wild', 'motivo', 'aparcase', 'ps4', 'mes', 'ahora', 'aparcar', '5nunca', 'habio', 'visto', 'mundo', 'abierto', 'igual', 'parte', 'casi', 'termino', 'llento', 'directo', 'historiameno', 'dos', 'zelda', 'switch', 'rdr2', 'nunca', 'hacer', 'planeado', 'siempre', 'encuentro', 'hacer', 'canbiar', 'ruta']|neutral
['hostia', 'vendido', 'dogma', 'zelda', 'mierdo', 'vacío', 'historia', 'risa', 'mecánico', 'caballo', 'horrible', 'acabar', 'vender', 'hoy', 'miyazaki', 'faltes', 'nunca']|negativo
['juego', 'devuelve', 'ilusion', 'videojuego']|neutral
['creer', 'deberiar', 'comentar', 'carencia', 'aspecto', 'negativo', 'zeldar', 'tambien', 'franquicia', 'penalizar', 'juegos', 'nota', 'finalbreste', 'zelda', 'salido', 'tenio', 'caida', 'frecuente', '20fps', 'parche', 'poder', 'poner', '30fps', 'ralentización', 'justitobrtienir', 'aparicion', 'brusco', 'textura', 'volar', 'fondo', 'borroso', 'distancio', 'neblín', 'textura', 'bajo', 'resolucion', 'ia', 'enemigo', 'justo', 'escenario', 'vacio', 'carga', 'poligonal', 'podiar', 'ser', 'mejor', 'efecto', 'hierba', 'parecer', 'generacion', 'etcbry', 'cutre', 'repito', 'mismo', 'mapa', 'anterior', 'contar', 'año', 'pasado', 'salio', 'wiu', 'brir', 'epoca', 'ocarín', 'of', 'time', 'parecer', 'mas', 'impresionante', 'ver', 'mundo', 'zelda', 'aqui', 'repetir', 'mismo', 'mapa', 'motor', 'parecio', 'espectacular']|neutral
['mam', 'regalir', 'switch', 'sobrina']|neutral
['juego', 'buenísimo', 'ahí', 'ser', 'mejor', 'historia', 'ser', 'objetivo', 'hacer', 'análisis', 'ignorar', 'falencia', 'repito', 'juego', 'buenísimo']|neutral
['buen', 'video', 'extraño', 'voz', 'antiguo']|neutral
['sexo']|neutral
['pasar', 'si', 'usamo', 'amiboo', 'tears', 'of', 'the', 'kingdom', 'bowt']|neutral
['locura', 'nuevo', 'zelda']|neutral
[]|neutral
['poteeencia']|neutral
['fan', 'usuario', 'playstation', 'psonir', 'solo', 'venir', 'rendir', 'honor', 'honor', 'merecer', 'largo', 'vida', 'leyendo', 'zelda']|neutral
['poder', 'hacer', 'windbombs']|neutral
['así', 'pokemon', 'q', 'luches', 'manejes', 'pokemon', 'subiéndole', 'ítems', 'velocidad', 'q', 'mueva', 'rápido', 'pueda', 'esquivar', 'mejor', 'q', 'aprenda', 'mas', '4', 'movimiento']|neutral
['mierdar', 'decir', 'mejor', 'juego', 'historio', 'pleno', '2024', 'vender', 'juego', '30', 'fps', 'aquí', 'mirar', 'aspecto', 'solo', 'dialogo', 'npc', 'salvo', 'monosílabo', 'expansión', '1más', 'continuación0', 'credibilidad', 'análisis']|neutral
['habla', 'saco', 'wea']|neutral
['10', 'quedar', 'corto', 'mes', 'sorprendistar', 'próximamente', 'juego', 'seguro', 'así', 'poder', 'esperar']|neutral
['tremendo', 'juegazooo', 'pense', 'mejor', 'breath', 'of', 'the', 'wild', 'podiar', 'ser', 'poder', 'ecelencia', 'total']|neutral
['llevar', '14', 'hora', 'sacar', 'conclusión', 'mejorar', 'botw', 'nunca', 'sera', 'mejor', 'botw', 'recordar', 'ragnarok', 'mejora', 'todo', 'gow4', 'mejor', 'juegobrbry', 'venir', 'dado', 'factor', 'sorpresa', 'nadie', 'esperar', 'juego', 'tanto', 'basto', 'botw', 'embargo', 'tears', 'of', 'the', 'kingdom', 'si', 'esperar', 'sentir', 'familiar', 'verdad']|neutral
['tremendo', 'chupado', 'media']|neutral
['eldir', 'ring', 'comar', '2', 'pancito']|neutral
['bueno', 'nintendero', 'disfrutir', 'joya', 'alguno', 'día', 'disfrutar', 'duda']|neutral
['llamar', 'canción', 'comienzo', 'video', 'ayudaa']|neutral
['gracias']|neutral
['ver', 'sacar', 'mil', 'copia', 'juego', 'gensh', 'shin', 'impact']|neutral
[]|neutral
['cero', 'spoiler', 'soltar', 'mundo', 'subterráneo', 'si', 'profesional', 'seguidor', 'menos']|neutral
['juego', 'superar', 'expectativa', 'tanto', 'alto', 'lograr', 'enhorabuena', 'nintendo']|neutral
['mejor', 'juegodepende', 'quiényo', 'jugar', 'primero', 'aburrí', 'mas', 'grandelir', 'heche', 'hora', 'esperar', 'cambiase', 'jamás', 'conseguir', 'divertirme', 'este', 'visto', 'mas', 'entretenido', 'variedad', 'armascosa', 'fabricaretcpero', 'peobado', 'cosa', 'varios', 'vez', 'aburrirapor ', 'cuál', 'ser', 'xenobladir', 'chronicl', '2', 'mejor', 'jugado', 'creer', 'gastar', 'hora', '3pero', 'acabare', 'ghost', 'of', 'tsushima', 'ser', 'sorpresa', 'agradablepar', 'gusto', 'color']|neutral
['si', 'alguien', 'saber', 'secuelo', 'habla', 'trifuerzo', 'agradecer', 'información']|neutral
['pues', 'verdad', 'quedar', 'solo', 'ocarín', 'of', 'time', 'querer', 'jugar', 'tiempo', 'twiling', 'prinz', 'nk', 'pude', 'aho', 'gusto', 'estetico', 'nuevo', 'zelda']|neutral
['genial', 'consola', 'ahora', 'solo', 'falta', 'juego', 'jajar']|neutral
['red', 'dead', 'redemption', '2', 'reír', 'dejen', 'operar', 'faltar', 'respeto', 'historio']|neutral
['pasar', 'fanboy', 'analizar', 'juego', 'brbrpunto', 'positivo', 'todobrbrnegativo', 'ningunobrbrla', 'bajado', 'rendimiento', 'coño', 'dejar', 'poco', 'verguenza']|neutral
['faltar', 'respeto', 'conocimiento', 'historia', 'videojuego', 'decir', 'mejor', 'juego', 'historio', 'tonteria', 'escuchar']|neutral
['conocer', 'link', 'zelda', 'smash', 'bro', 'nunca', 'jugar', 'saga', 'breath', 'of', 'the', 'wild', 'seguir', 'mantener', 'top', '5', 'mejor', 'juego', 'eh', 'llegado', 'jugar', 'tier', 'of', 'the', 'kingnom', 'jugando', 'ir', 'parte', 'aterrizar', 'hyrule', 'pinta', 'ir', 'superar', 'breath', 'of', 'the', 'wild', 'magnífico']|neutral
['aprecien', 'jugar', 'año', 'señor']|neutral
['mejor', 'juego', 'historia', 'jajajjajar', 'fan', 'zelda', 'incluso', 'nintendo', 'talvez', 'demas']|neutral
['venir', 'arriba']|neutral
['mejor', 'juego', 'eldir', 'ring', 'preguntar', 'pa', 'jugar', 'ambos']|neutral
['diosito', 'mandame', 'switch']|neutral
['red', 'dead', 'redemption', '2', 'sentir', 'mundo', 'abierto', 'valer', 'pena', 'listo', 'compra', 'aburrido', 'vacía', 'zelda', 'red', 'dead', 'brutal', 'god', 'of', 'war', 'apostar', 'mundo', 'pequeño', 'funcionar', 'maravilla', 'tanto', 'grande']|neutral
['juegazo', 'siglo']|neutral
['hola', 'encanto', 'contenido', 'compre', 'botw', 'preguntar', 'si', 'tears', 'of', 'the', 'kingdom', 'poder', 'guardar', 'progreso', 'botw']|neutral
['título', 'detrás', '5', 'título', 'zelda', '6to', 'ranking', 'enemigo', 'final', 'flojo', 'tramar', 'ostia', 'videojuego', 'zelda', 'fecha', 'solo', 'ocarín', 'of', 'time', 'skyward', 'sword', 'hacer', 'llorar', 'alegría', 'asi', 'acuerdo', 'tramar', 'mejor', 'según', 'humilde', 'opinión']|neutral
['siempre', 'q', 'salir', 'zelda', 'decir', 'mejor', 'juego', 'historio']|neutral
['oseo', 'valio', 'madre', 'goty', 'resident', 'evil', '4']|negativo
['tmb', 'decir', 'q', 'botw', 'mejor', 'ka', 'historia', 'coña', 'acercar']|neutral
['juego', '1010', 'siento', 'sobrevalorar', 'muchísimo', 'hecho', 'ser', 'zeldar']|neutral
['cómo', 'compro', 'ahora']|neutral
['sacer', 'incombustible', 'pequeño', 'primero', 'nes', 'ir', 'crecer', 'cada', 'entrega', 'junto', 'ellabrviva', 'zelda', 'siempre']|neutral
['pues', 'mas', 'mismo', 'juego', 'hacer', 'mini', 'juegos', 'mierda', 'avanzar', 'juegosin', 'historia', 'ser', 'épico', 'gráfico', 'niño', 'intuitivo', 'poder', 'ver', 'vendido', 'dlc', 'bueno', 'ser', 'juego', 'predilecto', 'nintendo', 'vender él', 'aunque', 'gastar', '100', 'millón', 'marketing', 'ojo']|neutral
['llevar', 'uno', '20', 'hora', 'juego', 'verdad', 'sorprendio', 'superado', 'botw', 'aspecto', 'pense', 'serio', 'expansion', 'noto', 'nintendo', 'siempre', 'paso', 'allo', 'dudar', 'mejor', 'año']|neutral
['duda', 'poder', 'jugar', 'directamente', 'este', 'título', 'si', 'jugar', 'primero', 'decís', 'gracia']|neutral
['tanto', 'bien', 'ibas', 'final', 'cagaste', 'mejor', 'juego', 'historio', 'inamovible', 'ocarina', 'of', 'time']|neutral
['rey', 'dejar', 'claro', 'corona', 'grande', 'nintendo', 'largo', 'vida', 'zeldar', 'buen', 'videojuego']|neutral
['ok', 'silksong']|positivo
['tiempo', 'ver', 'lloriqueo', 'pipero']|neutral
['felicidad', '2', 'm', 'subs']|neutral
['fanboys', 'comprado', 'dlc', 'cutre']|neutral
['goty']|neutral
['gráfico', '10', 'poner', 'si', 'texturar', 'casi', 'demás', 'coincido', 'tanto', 'ciego', 'tampoco']|neutral
['jajar', 'familiar', 'casi', 'si', 'mismo', 'pamp', 'mapo']|neutral
['naaaaa', '10']|neutral
['gustario', 'jugar', 'juego', '2', 'grande', 'problema']|neutral
['silksong']|neutral
['zelda', 'fornite']|neutral
['creer', 'habeis', 'patinar', 'bastante', 'mejor', 'juego', 'historio', 'perdisteis', 'todo', 'credibilidad']|neutral
['multijugador']|neutral
['the', 'legend', 'of', 'zelda', 'mejor', 'saga', 'videojuego']|neutral
['respeto', 'gustar', 'zelda', 'poner', 'juego', 'mejor', 'historia', 'gráfico', 'niño', 'siento', 'juegos', 'metal', 'gear', 'solid', 'saga', 'gears', 'of', 'war', 'god', 'of', 'war', 'krato', 'the', 'last', 'of', 'us', 'read', 'dead', 'redemption', '2', 'resident', 'evil', 'saga', 'forza', 'horizon', 'motorsport', 'xbox', 'eldir', 'ring', 'mil', 'vez', 'mejor', 'juego', 'zeldar', 'siento', 'verdad']|neutral
['si', 'juego', 'ver', 'asi', 'imagino', 'gta', '6', 'uffff']|neutral
['mano', 'ahora', 'organizar', 'tiempo', 'juego', 'familia', 'trabajo', 'gracias', 'nintendo']|neutral
['mejor', 'juego', 'historio', 'xd', 'dlc', 'bow', 'si', 'mirar', 'historia', 'sago', 'dar', 'gana', 'tirar él', 'cara', 'nintendo', 'cagado', 'hacer', 'historia', 'espontáneo', 'dejándono', 'dolor', 'cabeza', 'entender', 'mejor', 'juego', 'historio', 'nivel', 'gráfico', 'mejor', 'nivel', 'historia', 'mejor', 'nivel', 'jugabilidad', 'poder', 'bueno', 'mejor', 'mecánica', 'ser', 'fan', 'zelda', 'insulto', 'poner', 'decir', 'mejor', 'juego', 'historio']|neutral
['pelijuego', 'genérico', 'decir', 'ser', 'mejor', 'juego', 'año', 'llegar', 'verdadero', 'rey', 'dar él', 'bofetado', 'caro']|neutral
['aburrido', 'mejor', 'juego', 'historia', 'seguir', 'ser', 'metal', 'gear', '3', 'bastante', 'subjetivo', 'gusto', 'distinto', 'error', 'nombrar él', 'mejor', 'juego', 'historio']|neutral
['nadie', 'poner', 'mas', 'amor', 'juegos', 'nintendo', 'agradecer', 'lt3', 'lt3', 'lt3']|neutral
['preguntar', 'mejor', 'eldir', 'ring']|neutral
['dudo', 'poder', 'ser', 'goty', 'año', 'decir', 'perfecto', '10', '10', 'reflejar', 'realidad', 'si', 'sony', 'microsoft', 'sacar', 'juego', 'igual', 'mecanica', 'nombre', 'prensa', 'criticariar', 'apartado', 'tecnico', 'restariar', 'bastante', 'punto', 'decir', 'estar', 'favor', 'guerra', 'consola', 'primero', 'fanboys', 'tener', 'prensa', 'tanto', 'objetivo', 'flaco', 'favor', 'mas', 'juego', 'kejo', 'ser', 'perfecto']|neutral
['tambien', 'menos', 'fram']|neutral
['malo', 'quitar', 'duriar', 'renovo']|neutral
['fan', 'boys', 'analizar', 'juegos', 'xd', 'pasar', '20fps']|neutral
['nintendo', 'hacer', 'vez', 'lograr', 'demostrar', 'juego', 'requerir', 'grafica', 'potencia', 'extraodinario', 'ser', 'bueno', 'incluso', 'fabuloso', 'marcar', 'corazon', 'gente']|neutral
['4050', 'hora', 'juego', 'ok', 'ok', 'misión', 'secundario']|positivo
['aspecto', 'malo', 'ponéis', 'juego', 'rascar', '20fps', 'constantemente']|neutral
['bueno', 'importante', 'cuándo', 'salir', 'emulador']|neutral
['terminar', 'gustar', 'no él', 'si', 'enemigo', 'ver', 'historia', 'no él', 'gustar', 'gustara', 'así']|neutral
['solo', 'zelda', 'ahora', 'cualquiera', 'juego', 'dar', 'título', 'mejor', 'analisis', 'parecer', 'redactado', 'niño', '10', 'año']|neutral
['45', 'según', 'vandal']|neutral
['exagerar', 'vez']|neutral
['muchísimo', 'fama', 'juego', 'pasado', 'primero', 'recientemente', 'tampoco', 'ver', 'tirar', 'cohete', 'tira', 'casi', 'tiempo', 'correr', 'mundo', 'medio', 'vacío', 'llega', 'final', 'poder', 'acabar él', 'ganon', 'siempre', 'ahíbrmi', 'preguntar', 'esbrnadie', 'encante', 'juego', 'tanto', 'pro', 'jugado', 'nunca', 'elder', 'scroll', 'skyrim']|neutral
['decir', 'querer', 'nintendo', 'llevar', 'cacho', 'dos', 'compañia']|neutral
['fin', 'poder', 'tener', 'mano']|neutral
['soundtrack', 'bro', 'v']|neutral
['cuanto', 'templo']|neutral
['comprar', 'wii', 'u', 'botw', 'vez', 'hecho', 'pillarme', 'switch', 'totk', 'soler', 'pasar yo', 'general', 'compro', 'consola', 'idea', 'probar', 'varios', 'juego', 'nintendo', 'conseguido', 'vender yo', 'dos', 'consola', 'solamente', 'sagar', 'disfrutar él', 'chaval']|neutral
['bueno', 'tanto', 'ardido', 'haters', 'ofendido', 'jajajajar', 'mas', 'patético', 'leido', 'jajajajar']|neutral
['este', 'juego', 'llegar', 'dar él', 'bofetada', 'final', 'tío', 'spencer', 'después', 'día', 'haber', 'decir', 'quotlo', 'buen', 'juego', 'vender', 'consolasquot', 'decir', 'nuevo', 'punto', 'comprar', 'consola', 'interesado', 'todo', 'vida', 'jugar', 'solo', 'juego', 'maravillo']|neutral
['serio', 'tanto', 'pulento', 'ctm', 'querer', 'puro', 'jugar él', 'primero', 'locura', 'hacer', '6', 'año', 'atra', 'habia', 'parecido']|neutral
['repollo', 'mismo', 'juego', 'v']|neutral
['red', 'dead', '2', 'seguir', 'ser', 'objetivamente', 'mejor']|neutral
['jueeegazoo', 'cierto', 'alguien', 'saber', 'si', 'poder', 'bucear']|neutral
['brutal', 'totk', 'new', 'goty']|neutral
['decir', 'dlc']|neutral
['historia', 'mierdo', 'combatebrbr10', '10brbrlol']|neutral
['ojala', 'diir', 'salir', 'pc', 'esperar']|neutral
['necesitar', 'saber', 'si', 'yuzu', 'seguir', 'ser', 'mejor', 'emulador', 'switch', 'muchachos']|neutral
['comprar']|neutral
['juegazo', 'dudapero', 'nuevo', 'mejor', 'juego', 'historia', 'sero']|neutral
['esperar', 'imán', 'juego', 'original', 'querer', 'espoiler', 'mejor', 'veo']|neutral
['mejor', 'juego', 'historio', 'xd']|neutral
['alguien', 'esperar', 'ver', 'twilith', 'princess', 'midna']|neutral
['dar', 'vergüenza', 'poner', 'punto', 'negativo', 'ninguno', 'salido', 'personaje']|neutral
['bien', 'nintendo', 'aunque', 'jugar', 'estilo', 'fan', 'deber', 'contento']|neutral
['arruinaste', 'sorpresa', 'saber', 'santuario', 'deber', 'tener', 'cuenta', 'detalle', 'hora', 'hacer', 'análisis', 'advertir', 'spoiler']|neutral
['doler', 'ver', 'capaz', 'juego', 'switch', 'hecho', 'amor', 'fan', 'comparar', 'hacer', 'gamefreak', 'cada', 'pokémon']|neutral
['buen', 'análisis', 'video', 'innecesariamente', 'saturado', 'spoiler', 'historia', 'mecánico', 'juego', 'estar', 'mostrar', 'resuelven', 'mitad', 'puzzl']|neutral
['techo', 'técnico', 'switch', 'monster', 'hunter', 'rise']|neutral
['largo', 'vida', 'rey']|neutral
['llegar', 'totk', 'aaaaaaaaaaaaaaaao']|neutral
['sudar', 'emoción', 'semejante', 'juego']|neutral
['ocarín', 'of', 'time', 'majora39s', 'mask', 'mejor', 'zelda', 'creer', 'botw', 'totk', 'superir', 'inovador', 'tiempo']|neutral
['hrefhttpswwwyoutubecomwatchvdia88km2pwmampt6m30s630a', 'quotno', 'querer', 'daro', 'detallesquot', 'gracioso', 'decir', 'después', 'aventar él', 'tremendo', 'spoiler']|neutral
['quedar', 'retratado', 'día', 'vergonzoso', 'parte', 'quotanalistasquot', 'vandal', 'brbrpunto', 'positivo', 'brbrpunto', 'negativo', 'ninguno', 'brbrar', 'serio', 'xdbrbrmejor', 'juego', 'historia', 'decir', 'tonto', 'lava', 'vandal', 'sacar', '96', 'debajo', 'ocarín', 'of', 'time', 'tony', 'hawk', '2', 'brbrsi', 'reír', 'xd']|neutral
['mientras', 'microsoft', 'sony', 'pelear', 'payaso', 'nintendo', 'bola', 'sacar', 'mejor', 'juego', 'historio']|neutral
['parecio', 'ver', 'mucho', 'publicidad', 'página', 'vandal', 'juego', 'ahora', 'entender', 'análisis', 'jajajja', 'mismo', 'revista', 'coincidencia', 'brveo', 'criticar', 'criticar', 'juegos']|neutral
['si', 'eldir', 'ring']|neutral
['todavio', 'gente', 'decir', 'dlc', 'xddddddd']|neutral
['música', 'dioooooooossssssssssssssssssssssssssssssssssss', 'gracia', 'destino', 'permitir yo', 'ser', 'contemporáneo', 'saga', 'zelda']|neutral
['digno', 'secuela', 'si', 'decir', 'convertido', 'mejor', 'juego', 'historia', 'lugar', 'duda', 'goty', '2023']|neutral
['q', 'gran', 'época', 'nintendero', 'videojuego', 'general', 'zeldar', 'nuevo', 'rey', 'videojuego', 'querer', 'imaginar', 'hacer', 'nintendo', 'próximo', 'consola', 'ir', 'ser', 'brutal']|neutral
['juegazo', 'siguiente', 'zelda', 'ir', 'volver', 'ser', 'mejor', 'juego', 'historio']|neutral
['solo', 'venir', 'reir yo', 'título']|neutral
['suponer', 'siguiente', 'zelda', 'ir', 'superar', 'planteé', 'día', 'jugar', 'botw', 'historia', 'supongo', 'decir', 'inocente']|neutral
['ganita', 'señoreeeeesssssss']|neutral
['nintendo', 'siempre', 'conseguir', 'mantener', 'nivel', 'tanto', 'brutal', 'increíble']|negativo
['pues', 'play', 'xbox', 'switch', 'peleas', 'jajar', 'disfrutar', 'gran', 'saga', 'ofrecer', 'video', 'juegos', 'calibre', 'buen', 'aventura']|neutral
['consola', 'nintendo', 'probablemente', 'nunca', 'jugare', 'zeldar', 'debido', 'poder', 'hacer yo', 'consola', 'verdad', 'alegrar', 'muchísimo', 'juego', 'llegar', 'calidad', 'estandar', 'industria', 'general', 'necesitar', 'bien', 'venir', 'parte', 'hermoso', 'franquicia', 'parte', 'nintendo', 'epoca', 'juegosquottripel', 'aquot', 'quotultima', 'generaciónquot', 'dudoso', 'calidad', 'bajo', 'rendimiento', 'cachetado', 'industria', 'poner él', 'pilas', 'volver', 'hacer', 'trabajo', 'bien', 'hacer', 'buen', 'video', 'juegos', 'buen', 'hora', 'literalmente', 'mejor', 'juego', 'historio', 'nunca', 'mejor', 'dicho', 'poder', 'motivar', 'reacticvar', 'industria', 'vivir', 'nuevo', 'año', 'dorado', 'gaming']|neutral
['gracias', 'vida', 'vivir', 'lanzamiento', 'mejor', 'juegos', 'saga']|neutral
['cuánto', 'fps', 'ir']|neutral
['amigo', 'date', 'contar', 'vil', 'dlc']|neutral
['jugar', 'botw', 'maravilla', 'realmente', 'maravillo']|neutral
['si', 'si', 'zeldar', 'invento', 'juegos']|neutral
['gráfico', 'ver', 'bien', 'ver', 'antiguo', 'bien', 'jugar', 'si', 'juegazo', 'solo', 'falta']|neutral
['150', 'santuario']|neutral
['creer', 'exagerado', '10', 'juego', 'innova', 'gráfico', 'decepcionante', 'historia', 'malo', 'sonoro', 'dormir', 'anterior', 'ver', 'mayor', 'mask', 'dlc', 'anterior', 'secuela', 'juego', '8', '10']|neutral
['después', 'ver', 'análisis', 'eurogamer', 'queda', 'insípido']|neutral
['ir', 'hermosooo', 'aguanto', 'esperar']|neutral
['haters', 'd', 'totk', 'fortnitar', '10', 'fua', 'k', 'ganas', 'd', 'jugar él', 'lamentablemente', 'llegar', 'lunes', 'peor', 'bueno']|neutral
['parecio', 'gran', 'cosa', 'mejor', 'juego', 'decir', 'mejor', 'historia', 'siquiera', 'dialogo', 'hablado', 'grafico', 'parecer', 'juego', '2005', 'gran', 'cosa']|neutral
['mejor', 'juego', 'consolabrn', 'mario', 'bro', '3kirby', 'aventurebrsn', 'super', 'metroidzelda', 'link', 'to', 'the', 'pastbrn64', 'zelda', 'ocarinabrgamecube', 'metroid', 'primepaper', 'mario', 'ttydbrwii', 'mario', 'galaxymario', 'galaxy', '2brwiiu', 'zeldar', 'botwbrswitch', 'zelda', 'totk']|neutral
['esperar', 'salir', 'pc', 'gtlt']|neutral
['ala', 'comí', 'spoiler', 'ganandorf', 'vuelve']|neutral
['ver', 'juego', '9', 'arribapero', '10estamos', 'loco', 'si', 'rendimiento', 'caer', '20', 'fpsperfecto', 'amor', 'dios']|neutral
['análisis', 'valiente', 'gracias', 'vandal', 'dar él', '10', 'merecer', 'obra', 'maestro']|neutral
['ahora', 'si', 'hacer', 'reir', 'título', 'mejor', 'juego', 'historio', 'jajajar', 'buen', 'broma', 'hacer', 'pasar', 'breath', 'of', 'the', 'wild', 'increíble', 'ciego', 'nintendo', 'fanboys', 'hacer', 'jugar', 'tanto', 'molesto', 'frustrante', 'aburrido', 'talón', 'llegar', 'obra', 'maestro', 'sony']|neutral
['quotel', 'nuevo', 'mejor', 'juego', 'historiaquot', 'menos', 'exagerado', 'youtube']|neutral
['recomeir', 'jugar', 'botw', 'justo', 'despu', 'totk', 'hacer', 'totk', 'parecer', 'repetitivo', 'dejare', 'pausa', 'jugare', 'mes', 'despu']|neutral
['año', 'pasado', 'eldir', 'planto', 'cara', 'ver', 'reto', 'año', 'zelda', 'juego', 'dar', 'pelea']|neutral
['fuerte', 'declaración']|neutral
['20', 'fps', 'zona', 'crítico', 'usar', 'poder', '900p', 'bajar', '739p', '2023']|neutral
['lindo', 'compañía', 'sacar', 'juego', 'verdad', 'pelijuego']|neutral
['jodir', 'dlc']|neutral
['opinión', 'br', 'br', 'br', 'obvio', 'towk', 'ir', 'hacer', 'perfecto', 'tanto', 'grande', 'mínimo', 'error', 'ir', 'haber', 'bien', 'normal', 'imposible', 'hacer', 'juego', 'tanto', 'grande', 'perfecto', 'solo', 'persona', 'solo', 'mínimo', 'error', 'poner', 'decepcionante', 'fin', 'persona', 'rara', 'decir', 'p3ndejas', 'brhaber', 'bugs', 'gráfico', 'control', 'cosa', 'tanto', 'tanto', 'mínimo', 'error', 'tanto', 'difícil', 'par', 'prácticamente', 'molestar', 'bugs', 'totk', 'personalmente', 'noto', 'casi', 'si', 'existir', 'poder', 'cariño', 'hype', 'saga', 'zelda', 'hacer', 'disfrutar', 'créeme', 'sentir', 'ninguno', 'momento', 'decepción', 'totk', 'echo', 'solo', 'sorprender', 'esperado', 'solo', 'opino', 'totk', 'superar', 'botw', 'decir', 'botw', 'mal', 'juego', 'echo', 'segundo', 'mejor', 'juego', 'historio', 'opinión', 'totk', 'muchísimo', 'mejor', 'botw', 'superar', 'creces', 'brpar', 'mejor', 'juego', 'historio', 'fecho', 'ser', 'difícil', 'casi', 'imposible', 'juego', 'ir', 'superar', 'exagerar', '100', 'opinión', 'respetar él', 'respeto', 'brjuego', 'décado', 'señorés', 'hrefaboutinvalidzcsafeza', 'faltar', 'aún', 'mucho', 'hora', 'jugar', 'brincreíble', '1110']|neutral
['juegazo', 'ir', 'uno', '10', 'hora', 'cada', 'minuto', 'genial']|neutral
[]|neutral
['zeldar', 'breath', 'of', 'the', 'waild', 'juegazo', 'estándares', 'nintendobrno', 'caber', 'duda', 'tears', 'of', 'kingdom', 'superar', 'cierto', 'aspecto', 'breath', 'of', 'the', 'waildbrsi', 'hacer', 'brbrpero', 'decir', 'fanatismo', 'nintendero', 'fan', 'zeldabry', 'juegos', 'tratar', 'objetividad', 'análisis', 'crítico', 'cosa', 'poder', 'mejorar', 'habalar', 'él', 'convertir', 'heater', 'si', 'consumidor', 'fan', 'crítico', 'capaz', 'dar', 'toque', 'atención', 'aspecto', 'todabiar', 'poder', 'pulir', 'mejorar', 'brbrjuegardo', 'dudar', 'brbrperfecto', 'aún', 'brbrar', 'modo', 'conclusión', 'tratar', 'clamar', 'súper', 'fan', 'querer', 'ver', 'rodar', 'cabeza', 'ahorsbrbrcomo', 'bien', 'mencionado', 'parecer', 'juegazo', 'esperar', 'disfrutar', 'salga', 'brbral', 'guste', 'bien', 'paz']|neutral
['si', 'q', 'duda', 'q', 'juegos', 'nintendo', 'mágico', 'q', 'si', 'sentimiento', 'quotno', 'qquot', 'creencia', 'verdadbrsupongo', 'q', 'cierto', 'manera', 'sabor', 'infancia']|neutral
['modo', 'experto', 'venir', 'defecto']|neutral
['quottar', 'bueno', 'tanto', 'perfecto', 'primero', 'vez', '10', 'quedado', 'cortoquot', 'brbrbuén', 'descripción', 'resumir']|neutral
['goty', '100', '100']|neutral
['llevar', 'jugar', '9', 'día', 'según', 'consola', 'tirado', 'normalmente', 'pasar', '2', '3', 'hora', 'si', 'jugar', 'gustar', 'quizá', 'ocasionalmente', 'zeldar', 'día', 'puse', '07h', 'di', 'cuenta', '18h', 'solo', 'parado', 'mear', 'sesanción', 'alguno', 'fatigabrhe', 'jugado', 'título', 'encantado', 'creer', 'sinceramente', 'top', '1', '2', 'juegos', 'vida']|positivo
['zelda', 'tears', 'of', 'the', 'kingdom', 'god', 'of', 'war', 'ragnarock', 'switch', 'tomar', 'dejar', 'breath', 'of', 'the', 'wild', 'puleír', 'reforzar', 'flojo', 'primero', 'entrega', 'reforzar', 'aun', 'mecanicasaun', 'dar', 'pena', 'quitasen', 'parálisis', 'piedra', 'sheika', 'cosita', 'menos', 'conclusión', 'tears', 'of', 'the', 'kingdom', 'posiblemente', 'llevar', 'goty', 'juego', 'año', 'premio', 'llevar', 'god', 'of', 'war']|neutral
['dioooos', 'hype', 'juegazo', 'lunes', 'recién', 'mano', 'disfrutar', '2019', 'esperar', 'juego']|neutral
['solo', 'escuche', 'quize', 'ver', 'nadapero', 'encanto', 'reseña']|neutral
['creer', 'convertir', 'paraíso', 'speed', 'runner']|neutral
['ir', '60', 'fps']|neutral
['solamente', 'juego', 'leyendar', 'felicidad', 'reseña', 'tanto', 'alto', 'tears', 'of', 'the', 'kingdom']|neutral
['análisis', 'ign', 'empezar', 'igual', 'mismo', 'nota', 'casualidad', 'medio', 'parecer', 'obra', 'maestro', 'ahora', 'resultar', 'cristo', 'convertir', 'juego', 'volver', 'tierra', 'aflojenle', 'don', 'billetin']|neutral
['si', 'merecer', '10']|neutral
['bola', 'metí', 'hueco', 'atascado', 'jajaj']|neutral
['buen', 'juego', 'inicio', 'épico', 'luego', 'canson', 'paravelar', 'después', 'saber', 'valer', 'pena']|neutral
['waaaos', 'goty', 'gran', 'momento', 'ser', 'dueño', 'switch']|neutral
['nintendo', 'dar', 'cátedra', 'vez', 'simplemente', 'mejor', 'industria']|neutral
['poner', 'mas', 'varedad', 'enemigo', 'jefe', 'vez', 'unico', 'flojo', 'senti', 'anterior', 'juego']|neutral
['mclovin']|neutral
['milagro', 'poner', '10', 'juego', 'nintendo', 'vandal', 'cambiar', 'patrocinador']|neutral
['poner él', 'mejor', 'juego', 'historio', 'demasiado', 'historio', 'videjuego', 'apenas', 'empezar', 'solo', '50', 'año', 'creer']|neutral
['llevar', 'par', 'hora', 'dejar', 'sorprender yo', 'increíble', 'nuevo', 'mecánica', 'camino', 'abrir', 'juegazoooo']|neutral
['bueno', 'mismo', 'perro', 'distinto', 'collar', 'zelda', 'breath', 'of', 'the', 'wild', 'segundo', 'mejor', 'mundo', 'abierto', 'jugado', 'hora', 'pasar', 'darte', 'contar', 'ninguno', 'juego', '7', 'año', 'estons', 'rick', 'además', 'zeldar', '3', 'mejor', 'ver', 'zelda', 'momento', 'ir', '0', 'expectativa', 'lástima', 'arreglir', 'tema', 'durabilidad', 'arma']|neutral
['él', 'habilidad', 'amiibo', 'así', 'desbloquear', 'atuendo']|neutral
['vandal', 'sacar', 'multijugador', 'vean', 'bug', '9', 'rey']|neutral
['afortunado', 'vivir', 'lanzamiento', 'historia', 'leyendo']|neutral
['hrefhttpswwwyoutubecomwatchvdia88km2pwmampt3m14s314a', 'necesidad', 'consola', 'enorme', 'gran', 'cantidad', 'teraflops', 'final', 'artista', 'artista']|neutral
['agobiado']|neutral
['90', 'mismo', 'hacer', '10', 'año', 'copiar', 'pegar', 'cuánto', 'pagar']|neutral
['querer', 'mañana']|neutral
['magistral', 'presente', 'análisis', 'simplemente', 'perfecto']|neutral
['solo', 'faltar', 'uno', 'hora', 'mas', 'leyenda', 'fin', 'aqui']|neutral
['ojala', 'puto', 'pokemon', 'poder', 'tomar', 'nota']|neutral
['corrección', 'nuevo', 'mejor', 'juego', 'historio', 'nintendo', 'switch', 'ir', '30', 'fps', 'machote', 'sufrir', 'xd']|neutral
['poder', 'usar', 'amiibo', 'botw', 'saludo', 'super', 'buen', 'video']|neutral
['deciar', 'ff', '16', 'serio', 'goty', 'poder', 'ir', 'entrar', 'cueva', 'sobar él']|neutral
['joder', 'apenas', 'pasar', 'botw']|neutral
['hyrule', 'subterráneo', 'ver', 'muuuuy', 'xenobladir', 'nota', 'monolith', 'querer', 'dar', 'crédito', 'merecer']|neutral
['nuevo', 'mejor', 'juego', 'historio', 'jajajajajar', 'barata', 'quedar', 'palabra', 'siemorar']|neutral
['millón', 'juegos', 'millón', 'historia', 'solo', '1', 'poder', 'hacer', 'leyendala', 'gran', 'n', 'poder', 'hacer', 'sony', 'nunca', 'poder', 'crear', 'obra', 'arte', 'q', 'importar', 'cuanta', 'vez', 'juegu', 'pás', 'nunca', 'aburr', 'siempre', 'querer', 'mas', 'zelda', 'mejor', 'sago', 'mundo', 'gamer']|neutral
['nintendo', 'vuelto', 'decir', 'aqui', 'mandar']|neutral
['mejor', 'juego', 'historia', 'jajajajajajo', 'eldir', 'ring', 'red', 'dead', 'redemption', 'silent', 'hill', '2', 'superior', 'creer', 'ganar', 'goty', 'ser', 'reciclaje', 'juego', 'anterior']|neutral
['impresionante', 'gana', 'tener él', 'mañana']|neutral
['eldir', 'ring', 'mejor', 'mejor']|neutral
['necesitar', 'nuevo', 'consola', 'soporte', '60fps', 'calidad', 'gráfico', 'poder', 'guiar', 'steam', 'deck', 'llevar', '6', 'año']|neutral
['podrías', 'hacer', 'función', 'amibo']|neutral
['mejor', 'juego', 'historio', 'rdr2', 'ahí', 'partir él']|neutral
['título', 'dar', 'pena', 'vandal', 'metacritic', 'estar', 'dar', '810', 'análisis', 'profesional']|neutral
['siempre', 'ser', 'mejor', 'juego', 'generación', 'snes', '64', 'gamecube', 'wii', 'wii', 'u', 'sera', 'siempre', 'mejor', 'saga', 'jamás', 'creado']|neutral
['10', 'juego', 'portendo', 'ocasion', 'dlc', 'camuflado', 'huele']|neutral
['igual', 'jugar', 'esperar', 'juego', 'ver', 'venir', 'bola', 'nieve', 'hacer', 'mes']|neutral
['trillado', 'mejor', 'juego', 'historio']|neutral
['gusta', 'decir', '3939solo', 'visto', 'titubear', 'momento', 'concretos3939', 'mientras', 'gameplay', 'inicio', 'ver', 'mucho', 'caida', 'fram', 'xd']|neutral
['iiish', 'brutal', 'logra', 'zelda', 'siempre']|negativo
['juegazo', 'señores', 'ir', 'directo', 'comprar él', 'fisico', 'después', 'esperar', 'saquen', 'rom', 'emular él', 'jugar él', '60', 'fps', '1080p', 'dios', 'manda']|neutral
['ganassssss']|neutral
['verdad', 'miedo', 'mejor', 'anterior', 'veo', 'eh', 'escuchado', 'combro', 'nintendo', 'v']|neutral
['increíble', 'quotel', 'nuevo', 'mejor', 'juego', 'historio', 'quot']|neutral
['huuuu', 'dejar', 'palabra']|neutral
['niño', 'jugar', 'majoro', 'mask', 'minish', 'cap', 'ahora', 'madre', 'maximo', 'superado', 'ninguno']|neutral
['alguien', 'saber', 'si', 'hacer', 'falta', 'amiibo', 'conseguir', 'eponar', 'si', 'amiibo', 'lobo', 'hacer', 'mismo', 'precuela']|neutral
['gran', 'momento', 'vivo', 'serio', 'ufff', 'pasado', 'realmente', 'poder', 'jugar', 'mejor', 'juego', 'historia', 'ir', 'disfrutar', 'máximo', 'gracias', 'nintendo', '39']|neutral
['red', 'dead', 'redemption', '2', 'fin', 'alguien', 'suplir']|neutral
['soundtrack', 'precioso']|neutral
['nuevo', 'zelda', 'hermoso', '30fps']|neutral
['tas', 'calentado', 'título']|neutral
['flojera', 'analisis', 'buen', 'juego', 'regular', 'analisis']|neutral
['bpu', 'verdad', 'dicho', 'creatividad', 'identidad', 'pasión', 'dirección', 'arte', 'entretenimiento', 'esboza', 'obra', 'único', 'historia', 'videojuego', 'todo', 'obra', 'maestra', 'eternidad', 'bien', 'hecho', 'nintendob']|neutral
['pues', 'ver', 'bueno', 'verdad', 'parecer', 'mas', 'mega', 'dlc', 'añadido', 'hacer', 'falta', 'primero', 'zelda', 'switch', 'admitam tú él', 'botw', 'tampoco', 'octavo', 'maravilla', 'bueno', 'tannn', 'bueno', 'mencionar']|neutral
['frase', 'final']|neutral
['compara', 'combatir', 'boss', 'complejidad', 'eldir', 'ring', 'zelda', 'zelda', 'niño', 'lado', 'asique', 'menos', 'comprar él', 'eldir', 'ring', 'menos', 'risita']|neutral
['mirar', 'ser', 'fanboy', 'decir', 'mejor', 'juego', 'historiael', 'juego', 'mecánico', 'roto', 'rendimiento', 'horrible', 'tramo', 'mejor', 'hablar', 'cantidad', 'elemento', 'reciclado', 'botw']|negativo
['juego', 'sobrevalorado', 'fanático', 'jugar', 'dlc', 'maestro', 'si']|neutral
['16', 'gb', 'ver', 'si', 'así', 'aprender', 'demás', 'desarrolladora', 'videojuego', 'solo', 'tratar', 'calidad', 'grafico']|neutral
['pasado', 'juego', 'pinta', 'espectacular']|neutral
['woaos']|neutral
['10', 'parecer', 'continuista', 'aunque', 'bueno', 'derecho', 'opinar', 'jugado', 'breath', 'to', 'the', 'wild', 'solo', 'pasado', 'ocarín', 'of', 'timar', 'uno', '5', 'vez', 'majora', 'mask', 'uno', '3', 'adema', 'haber', 'jugar', 'princess', 'casi', 'haber yo', 'pasado', 'sky']|neutral
['poco', 'vergüenza', 'jajar', 'si', 'negar', 'juegazo', 'solo', 'visto', 'felación', 'nintendo', 'flipa', 'visto', 'uno', 'bajada', 'fps', 'flipa', 'trailer', 'hrefhttpswwwyoutubecomwatchvdia88km2pwmampt9m19s919a', 'llegar', '20', 'decís', 'ninguno', 'momento', 'fin', 'siempre', 'gustado', 'oíro', 'si', 'jugar', 'compañía', 'si', 'indie', 'echabais', 'cuello', 'dudar él']|neutral
['nuevo', 'mejor', 'juego', 'historio', 'xd']|neutral
['caber', 'pantalón', 'solo', 'ver', 'análisis']|neutral
['solo', 'poder', 'dar', 'gracias', 'poder', 'disfrutar', 'obra', 'maestra', 'calibreno', 'veo', 'hora', 'llegar', 'casa']|neutral
['llevar', 'uno', '15', 'hora', 'juego', 'solo', 'poder', 'decir', 'obra', 'arte']|neutral
['locura', 'nintendo', 'hacer', 'año', 'jugador', 'play', '3', '4', 'comprar', 'wii', 'u', 'solo', 'botw', 'arrepiento', 'mejor', 'experiencia', 'gamer', 'todo', 'vida', 'aún', 'así', 'decir', 'lograr', 'superar', 'jaja', 'superar', 'juego', 'épico', 'hacer', 'aún', 'épico', 'nintendo', 'elevar', 'cada', 'vez', 'mas', 'leyenda']|neutral
['ami', 'solo', 'interesar', 'masmorras', 'trabajado', 'esperar', 'hoy', 'si', 'trabajar', 'bien']|neutral
['nuevo', 'mejor', 'juego', 'historio', 'analista', 'parecer', 'poquíto', 'solo', 'poquito', 'emocionado']|neutral
['increíble']|neutral
['si', 'pirata', 'decir', 'malo', 'jajaja']|neutral
['nintendo', '2018', 'ver', 'acabo', 'comprar yo', 'juego']|neutral
['encontrar', 'analisis', 'sincero', 'hacer', 'publicidad', 'pagado', 'título']|neutral
['comen', 'nintendo', 'quotel', 'nuevo', 'mejor', 'juego', 'historiaquot', 'mandar', 'jajajaja', 'si', 'razón', 'historiar', 'totalmente', 'innovadoro', 'link', 'salvar', 'zelda', 'ganon', 'totalmente', 'buen', 'gráfico', 'ps2', 'deliciar', 'gameplay', 'quedo', 'demostrado', 'totalmente', 'plagiado', 'banjokazooie', 'adictivo', 'brdicho', 'alegro', 'nintendero', 'jugar', 'peor', 'jugar', 'twitter', 'judgment', 'simulator']|neutral
['jedi', 'survivor', 'quito', 'punto', 'rendimiento', 'pasar', 'alto']|neutral
['llevar', '110', 'hora', 'botw', 'aún', 'querer', 'terminar', 'jeje', 'mejor', 'jugado', 'vida', 'ahora', 'decir', 'este', 'mejor', 'quedé']|neutral
['goty', 'gotys']|neutral
['vaya', 'pepinazo']|neutral
['leyenda']|neutral
['mejor', 'juego', 'historiabrred', 'dead', 'redemption', '2hold', 'my', 'beer']|neutral
['goty', 'goty', 'gotyyyyyyyyyyy']|neutral
['mañana', 'gente', 'mañana']|neutral
['si', 'bajón', 'fps', 'acá', 'si', 'perdonar']|neutral
['joder', 'ésto', 'cine']|neutral
['juego', 'mas', 'caro']|neutral
['excelente', 'compra', 'realmente', 'valer', 'pena', 'bcomo', 'escala', 'dificultadbbrporque', 'recordar', 'punto', 'negativo', 'botw', 'conforme', 'explor', 'facil', 'volvío', 'juego', 'pasar', 'mismo', 'tofk', 'vuelve', 'facil', 'conforme', 'avanza', 'juego']|neutral
['10']|neutral
['bueno', 'menos', 'saber', 'yunobo', 'bien', 'xd']|neutral
['hermosoooooo']|neutral
['mundo', 'subterráneo', 'tanto', 'grande', 'exteriorestar', 'alucinar', 'quedar', 'hora', 'ir', 'hacer', 'semana']|neutral
['aquí', 'decir', 'mismo', 'bayonetta', '3', 'pena', 'solo', 'salir', 'forma', 'oficial', 'plataforma', 'tanto', 'obsoleto', '30fps', 'resolución', 'tanto', 'bajo', 'ojo', 'lograr', 'tolerar', 'actualmente', 'decir', 'alguien', 'momento', 'dedicar', '1200', 'horas', 'bloodbornir', 'pasado', 'año', 'entonces']|neutral
['bueno', 'vídeo', 'contener', 'spoiler', 'así', 'chao', 'seguir', 'ver', 'después', 'jugar', 'juego']|neutral
['aguante', 'zelda', 'papá', 'saludo', 'mar', 'plata', 'argentino']|neutral
['cambiar', 'sistema', 'combatir']|neutral
['salir', 'ver', 'venir', 'llorón', 'poner él', '1', 'calificación']|neutral
['nintendo', 'hacer', 'historia', 'nuevo']|neutral
['mañana', 'salir', 'mejor', 'juego', 'historio']|neutral
['top', '20', 'mejor', 'juego', 'bastante', 'mejor', 'breath']|positivo
['mejor', 'juego', 'cbb', 'breath', 'of', 'the', 'wild', 'acercar', 'ser', 'mejor', 'siquiera', 'mejor', 'ocarín', 'of', 'temer', 'si', 'ceñir', 'tiempo', 'aunque', 'justo', 'comparar', 'juegazo', 'si', 'escar', 'eldir', 'ring', 'mejor', 'juego']|neutral
['1510']|neutral
['holar', 'cuanto', 'templo', 'poder', 'decir']|neutral
['puf', 'gana', 'jugar él', 'frase', 'final', 'bestio', 'eh', 'quotsin', 'duda', 'nuevo', 'mejor', 'juego', 'historiaquot', 'locuraganazas', 'jajar']|neutral
['juego', 'historia', 'sólo', 'leyenda']|neutral
['zelda', 'x', 'minecraft']|neutral
['análisis', 'dar', 'vergüenza', 'independientemente', 'merezcar', '10', 'subjetivo', 'parecido', 'análisis', 'propio', 'jugador', 'nintendo', 'persona', 'trabajar', 'prensa', 'especializado', 'juego', 'castigar', 'continuista', 'peor', 'poner', 'nube', 'seguro', 'peca', 'mismo', 'juegos']|neutral
['preguntar', 'poneis', 'imagen', 'enemigo', 'final', 'combate', 'importante', 'entender', 'analisis', 'prelanzamiento', 'deberio', 'ser', 'imagen', 'importante', 'ejemplo', 'enseñar', 'acompañar', 'aliado', 'momento', 'dandono', 'habilidad', 'dislike', 'teneis', 'motivo']|neutral
['oigar', 'entonces', 'salio']|neutral
['pues', 'primero', 'gustar', 'volver', 'dar él', 'oportunidad', 'ver']|neutral
['si', 'juego', 'llevar', 'goty', 'dejar', 'creer', 'gente']|neutral
['disfrutar']|neutral
['lmao', '10']|positivo
['mejor', 'juego', 'historia', 'delirio', 'buen', 'juego', 'si']|neutral
['aqui', 'probablemente', 'zelda', 'ir', 'superar', 'historia', 'skyward', 'sword', 'templo', 'bienvenido', 'nuevo', 'zelda', 'favorito', 'año']|neutral
['aaaaaaa']|neutral
['mejor', 'juego', 'historio']|neutral
['poder', 'decir', 'nintendo', 'juego', 'año']|neutral
['obvio', 'pasar', 'saber', 'así', 'deber', 'ser', 'disfrutar', 'juegazo', 'vivir', 'historia', 'videojuego']|neutral
['quedado', 'resultón']|neutral
['obra', 'maestra', 'nintendo', 'industria', 'estancadisimo', 'pelijuego', 'shooter']|neutral
['eyaculé']|neutral
['gustar', 'tener', 'nintendo', 'jugar', 'zelda']|neutral
['zelda', 'juego', 'infantil']|neutral
['dark', 'souls', 'niño', 'pequeño']|neutral
['esperar', 'nintendo', 'nunca', 'teeminar', 'laa', 'garra', 'yankees', 'microsoft', 'serio', 'catastrofico']|neutral
['hermoso']|neutral
['parecer', 'publi', 'análisis', 'pena']|neutral
['obra', 'maestro']|neutral
['jajajajar']|neutral
['desmerecer', 'nadie', 'creer', 'insulto', 'decir', 'mejor', 'juego', 'historia', 'video', 'juego', 'principalmente', 'gusto', 'subjetivo', 'tambien', 'juegos', 'the', 'witcher', '3', 'dar', 'solo', 'ejemplo', 'zelda', 'top', 'mejor', 'juego', 'saga', 'historio']|positivo
['siempre', 'mejor', 'sago', 'historia']|neutral
['gran', 'rey', 'historia', 'videojuego']|neutral
['diossssir', 'ver', 'epico']|neutral
[]|neutral
['pereza', 'título', 'si', 'publicar', '7', 'año']|neutral
['entender', 'nivel', 'exploración', 'mecánico', 'ser', 'revolución', 'histórico', 'videojuego', 'bow', 'tok', 'respeto', 'vandal', 'amar', 'bow', 'quedar', 'cumplir', 'videojuego', 'total', 'narrativo', 'mundo', 'cohesionado', 'menos', 'repetición', 'tarea', 'templo', 'ejemplo', 'hablar', 'lógica', 'rompar', 'arma', 'poder', 'repararla', 'brbrcomo', 'videojuego', 'zelda', 'exigir él', 'término', 'narrativo', 'parecer', 'poder', 'equivocado', 'repetido', 'fórmula', 'contar', 'historia', 'propio', 'análisis', 'hablar', 'poder', 'igualar', 'mecánica', 'libertad', 'exploración', 'seguramente', 'cierto', 'hacer', 'mejor', 'juego', 'historio', 'brbr él', 'historia', 'majora', 'mask', 'sumado', 'zeldar', 'si', 'convertirir', 'mejor', 'juego', 'nivel', 'inmersivo', 'término', 'narrativo', 'dejar', 'desear']|neutral
['aquí', 'goty']|neutral
['q', 'bendicion', 'bueno', 'conseguir', 'plata', 'lugar', 'ahuevo', 'ir', 'ser', 'mio']|neutral
['alv', 'jajajajjaa', 'dio']|neutral
['cómo', 'habeis', 'mostrado', 'yunobo']|neutral
['dudar', 'sony', 'nintendo', 'contar', 'mejor', 'exclusivo', 'industrio']|neutral
['jugar', '40h', 'logro', 'pasar', 'ninguno', 'misión', 'principal', 'xd', 'maldito', 'puzzle', 'yunobo']|neutral
['llorar']|neutral
['jajar', 'mejor', 'juego', 'historio', 'xdd', 'quizas', 'niño', 'nacer', 'hacer', '10', 'año', 'si']|neutral
['dai', 'contar', 'encontrar', 'evento', 'histórico', 'historia', 'videojuego', 'preciso', 'momento', 'vivir']|neutral
['rey', 'asoma', 'demá', 'tomar', 'notar', 'siempre', 'dicho', 'saga']|neutral
['poder', 'creer', 'dia', 'llegar', 'emocionado']|neutral
['alguien', 'regalar', 'nintendo', 'juegaso']|neutral
['verdad', 'red', 'dead', 'redemption', '2', 'mejor', 'juego', 'historio']|neutral
['rayo', 'jugaré', 'switch', 'pro', '2', 'corra', '60', 'fps']|neutral
['memoria', 'pasado', 'vez', 'recuerdo', 'spoiler']|neutral
['cuánto', 'pagar']|neutral
['nuevo', 'mejor', 'juego', 'historio', 'palabra', 'mayor', 'ehhhh', 'ir', 'sobrado']|neutral
['pues', 'enhorabuena', 'nintendo', 'alegrar', 'muchísimo', 'juegazo', 'tanto', 'grande', 'consola', 'verdadbrsoy', 'jugador', 'pley', 'bueno', 'pues', 'ahora', 'demá', 'compañía', 'superar', 'juego', 'siempre', 'bueno', 'todosbrnar', 'dar él', 'caño', 'gente', 'disfrutar él']|neutral
['yunobuu', 'amigo', 'mio', 'xd']|neutral
['dama', 'caballero', 'tú', 'goty']|neutral
['gran', 'análisis', 'puesto', 'hype', 'nubesbrel', 'juego', 'abús', 'tener', 'crear', 'vehículo', 'poder', 'pasar yo', 'juego', 'crear', 'solo']|neutral
['ahora', 'party', 'combate']|neutral
['nunca', 'subestimir', 'zelda', 'nunca']|neutral
['permisivo', 'nintendo']|neutral
['mejor', 'videojuego', 'historia', 'subjetivo', 'ser', 'fanboy', 'mejor', 'videojuego', 'historia', 'titanfall', '2', 'red', 'dead', 'redemption', '2', 'junto', 'dead', 'spacir', '2', 'resident', 'evil', '2', 'caber', 'dudar', 'mejor', 'subjetivamente', 'hablar']|neutral
['goty', 'definitivo', 'q', 'ir', 'derrotar', 'ocarina', 'of', 'time', 'hazaño', 'q', 'solo', 'nintendo', 'poder', 'hacer']|neutral
['uff', 'ganas', 'mañana']|neutral
['primero', 'brbrbrse', 'venir', 'goty']|neutral
['omg', 'vengo']|neutral
['salir', 'analisi', 'juego', 'mochila', 'hacer', '1', 'semana']|neutral
['caer', 'gente']|neutral
